{"cameraMode":{"drawMode":0,"name":"Shaded","section":"Shading Mode"},"sceneLighting":true,"audioPlay":false,"sceneViewState":{"showFog":true,"showMaterialUpdate":false,"showSkybox":true,"showFlares":true,"showImageEffects":true,"showParticleSystems":true},"in2DMode":false,"pivot":{"x":15.273366928100586,"y":-51.333309173583987,"z":299.977783203125},"rotation":{"x":0.09459789842367172,"y":0.03881293535232544,"z":-0.003678271546959877,"w":0.9947712421417236},"size":164.74481201171876,"orthographic":false}