{"cameraMode":{"drawMode":0,"name":"Shaded","section":"Shading Mode"},"sceneLighting":true,"audioPlay":false,"sceneViewState":{"showFog":true,"showMaterialUpdate":false,"showSkybox":true,"showFlares":true,"showImageEffects":true,"showParticleSystems":true},"in2DMode":false,"pivot":{"x":7.025539398193359,"y":4.573564052581787,"z":-6.023357391357422},"rotation":{"x":-0.01580102927982807,"y":0.9834614396095276,"z":-0.10693680495023728,"w":-0.14531667530536652},"size":9.511362075805664,"orthographic":false}